id,date,category,tag,my_sentence,correction,explanation,correct_examples,context,status,times_seen_again,last_reviewed,source_ref
2026-05-28-001,2026-05-28,grammar,comparative,A veterinarian are educated than landscaper.,Veterinarians are better educated than landscapers.,"A comparison needs a comparative form plus 'than': say 'better educated', not just 'educated'. Also, to talk about a profession in general, use the bare plural (veterinarians / landscapers) and make the verb agree (are). 'A veterinarian are' mixes a singular subject with a plural verb.",Engineers are better paid than teachers. | City doctors are better trained than rural ones.,Comparing how educated vets and landscapers are.,new,0,,session 20:03 / 00:04:51
2026-05-28-002,2026-05-28,grammar,word-order,Become more a veterinarian.,become a veterinarian,"Drop the extra 'more' — it doesn't belong here. To say you enter a profession, the pattern is 'become a + job'. The teacher kept repeating just 'Become.' to signal that the extra words were unnecessary.",He wants to become a vet. | She became a teacher after college.,Explaining how to become a veterinarian.,new,0,,session 20:03 / 00:09:54
2026-05-28-003,2026-05-28,grammar,relative-clause,anyone went to the college can choose this major,anyone who went to college can choose this major,You need the relative pronoun 'who' to link the clause to 'anyone'; without it the sentence has two verbs and no connection between them. Also drop 'the': 'go to college' (like 'go to school') takes no article when it means attending as a student.,Anyone who finishes the course gets a certificate. | Students who go to college can apply for this scholarship.,Saying anyone can choose the landscaping major.,new,0,,session 20:03 / 00:10:58
2026-05-28-004,2026-05-28,collocation,preposition,I need to focus my English skills and my family.,I need to focus on my English skills and my family.,'Focus' meaning 'concentrate on' always takes the preposition 'on': focus on something. Don't drop it.,Let's focus on the main problem. | This year I want to focus on my health.,Explaining why he has no time for movies.,new,0,,session 20:03 / 00:27:44
2026-05-28-005,2026-05-28,vocabulary,word-choice,"Only my daughter or my wife want to watch a movie, and then I will company with them.",I will accompany them.,"'Company' is a noun; the verb meaning 'go somewhere with someone' is 'accompany'. It is transitive, so it takes a direct object with no 'with': 'accompany them', not 'company with them'.",I'll accompany you to the hospital. | She accompanied her mother to the market.,Saying he goes to movies only to be with his family.,new,0,,session 20:03 / 00:28:12
2026-05-28-006,2026-05-28,collocation,word-order,They can't earn money. They need to ask money for their parents.,They need to ask their parents for money. / They need to ask them for it.,"The pattern is 'ask somebody for something': the person comes right after 'ask', then 'for + the thing'. 'Ask money for their parents' reverses the roles and means something else. (The teacher's 'ask it from their parents' also works.)",He asked his boss for a raise. | Don't be afraid to ask me for help.,Star fans are students who get money from their parents.,new,0,,session 20:03 / 00:32:16
2026-05-28-007,2026-05-28,grammar,tense,"He built his own company, so he recruit many students. They recruit some students to help.",He recruited many students. / They recruited some students to help.,"When you narrate past events, keep the verbs in the past tense: recruit -> recruited. You dropped the past '-ed' several times in a row. Watch verb endings ('-ed' for past, '-s' for he/she/it) — it is a recurring pattern for you. See also [[2026-05-28-008]].",He recruited several interns last summer. | They hired students for part-time work.,Describing how an aerobics instructor staffed his company.,new,0,,session 20:03 / 00:34:25
2026-05-28-008,2026-05-28,grammar,agreement,"If someone become the soccer coach, they can earn a lot.","If someone becomes a good soccer coach, they can earn a lot.","(assistant note) After a third-person singular subject ('someone'), the present-tense verb needs '-s': becomes. Use 'a' (a soccer coach) since you are not pointing to one specific, already-known coach. Same verb-ending weakness as [[2026-05-28-007]].","If someone becomes a doctor, they can help many people. | When she becomes a manager, she will travel a lot.",Arguing that good soccer coaches earn a lot.,new,0,,session 20:03 / 00:30:06
2026-05-28-009,2026-05-28,discourse,conciseness,"Ground water means the water, we can see it on the ground.",Groundwater is the water that you see on the ground.,"Don't split a definition into two comma-spliced clauses ('the water, we can see it...'). Join them with a relative pronoun: 'the water that you see on the ground'. The teacher pointed out this is exactly what conjunctions and relative pronouns are for — keep a definition to one clean sentence.",A greenhouse is a place where you grow plants. | An eyewitness is a person who sees an event happen.,Defining 'groundwater' during the compound-noun lesson.,new,0,,session 21:06 / 00:27:20
2026-05-28-010,2026-05-28,naturalness,register,"Sorry teacher, what's the public speaker?","Excuse me, could you explain what a public speaker is? / Sorry, what does ""public speaker"" mean?","(assistant note) 'Sorry teacher' is a word-for-word translation from Chinese. To politely interrupt or ask, start with 'Excuse me' or 'Sorry,' and follow with a full question. Also, when asking what a type of thing is, use 'a' (general) rather than 'the' (a specific, already-known one): 'what's a public speaker'.","Excuse me, what does that word mean? | Sorry, could you explain what a barista is?",Asking the teacher to define 'public speaker'.,new,0,,session 20:03 / 00:12:52
2026-05-28-011,2026-05-28,naturalness,word-choice,I think that's because there should are interesting and comedy.,because they are interesting and humorous,"Use 'they are' (subject + be), not 'there should are', which is ungrammatical. And describe the shows with the adjective 'humorous', not the noun 'comedy'. So: 'because they are interesting and humorous.'",I watch them because they are funny and relaxing. | The show is interesting and humorous.,Explaining why he watches stand-up comedy.,new,0,,session 20:03 / 00:16:14
2026-05-28-012,2026-05-28,collocation,preposition,They can spend money for the soccer team.,They can spend money on the soccer team.,"(assistant note) The collocation is 'spend money on something', not 'for'. Use 'spend time/money on + the thing or activity'.",Fans spend a lot of money on their idols. | I don't want to spend money on things I don't need.,Talking about how much soccer fans spend.,new,0,,session 20:03 / 00:30:41
2026-05-28-013,2026-05-28,pronunciation,word-boundary,"Reading compound nouns as separate words: takeaway -> 'take her away', popcorn -> 'pop a coin', courthouse -> 'got our house', textbook -> 'text the book', eyeball -> 'I ball'.","takeaway / popcorn / courthouse / textbook / eyeball — one blended word, stressed on the first part.","A compound noun is a single word: blend it together and don't insert extra syllables or articles in the middle. Most noun+noun compounds are stressed on the first element (TAKEaway, POPcorn, COURThouse, TEXTbook, EYEball). This was the focus of today's lesson.","POPcorn ['pɒpkɔːn], not pop-a-corn | TEXTbook ['tekstbʊk], not text-the-book",Reading-aloud drill for compound nouns.,new,0,,"session 21:06 / 00:07:19, 00:13:02"
2026-05-28-014,2026-05-28,grammar,plural,There are many greenhouse there.,There are many greenhouses there.,"After 'many', a countable noun must be plural: many greenhouses. The teacher modeled the plural ('so many greenhouses there'). Same missing '-s' pattern as your verb endings in [[2026-05-28-007]] and [[2026-05-28-008]].",There are many greenhouses in my hometown. | She visited many countries last year.,Saying his hometown has many greenhouses.,new,0,,session 21:06 / 00:26:48
2026-05-28-015,2026-05-28,grammar,plural,We need to collect many information from anywhere.,We need to collect a lot of information from anywhere.,"(assistant note) 'Information' is uncountable: it has no plural and doesn't take 'many'. Use 'a lot of information' / 'much information', and never 'informations'.",We collected a lot of information for the report. | There isn't much information about it online.,Comparing CIA work to his company's security department.,new,0,,session 20:03 / 00:46:27
2026-05-28-016,2026-05-28,vocabulary,word-choice,When we meet someone we need to handshake with them.,When we meet someone we shake hands with them.,"(assistant note) 'Handshake' is a noun (the gesture). The action is the verb phrase 'shake hands with someone'. So 'shake hands with them', not 'handshake with them'. Same noun-used-as-verb slip as [[2026-05-28-005]] (company/accompany).",It's polite to shake hands with your host. | They shook hands and sat down.,Explaining what a handshake is.,new,0,,session 21:06 / 00:29:17
2026-05-29-001,2026-05-29,grammar,comparative,Veterinarians are educated than landscapers.,Veterinarians are better educated than landscapers.,A comparison needs a comparative form. 'educated than' is incomplete; use 'better educated than' (comparative of the adverb 'well') or 'more educated than'.,She is better educated than her brother. | This phone is more advanced than mine.,Reading the warm-up sentences comparing jobs.,new,0,,rec1 (18:58) line 49
2026-05-29-002,2026-05-29,grammar,plural,"There are too many traffics in it, so we want to reduce it.","There is too much traffic, so we want to reduce it.","'Traffic' is an uncountable (mass) noun: it has no plural 'traffics' and takes 'much' + a singular verb, not 'many' + 'are'. Say 'too much traffic'.",There is too much traffic during rush hour. | How much traffic was there on the way?,Describing a meeting about reducing traffic on their service.,new,0,,rec1 line 125-135
2026-05-29-003,2026-05-29,grammar,word-choice,"During my visited my hometown, there were too many people.","During my visit to my hometown, there were too many people.","After the possessive 'my' (and the preposition 'during') you need the noun 'visit', not the verb 'visited'. Use the pattern 'during my visit to + place'.","During my visit to Beijing, I saw the Great Wall. | On my first visit to the city, I got lost.",Telling a story about heavy traffic when going to his hometown.,new,0,,rec1 line 199-205
2026-05-29-004,2026-05-29,grammar,preposition,There are too many people in the highway.,There are too many people on the highway.,"Use 'on' with roads, streets and highways, not 'in': 'on the highway / on the road'.",There was an accident on the highway. | Don't play on the road.,Describing crowds on the highway during a holiday.,new,0,,rec1 line 207-209
2026-05-29-005,2026-05-29,grammar,word-order,"It was happened, a serious traffic event.",There was a serious car accident.,"'Happen' is intransitive and never passive, so 'was happened' is wrong. To introduce an event, use 'There was + noun' or 'A serious accident happened.'",There was a serious car accident on the highway. | A big earthquake happened last night.,Explaining why the traffic jam occurred.,new,0,,rec1 line 211-221
2026-05-29-006,2026-05-29,grammar,preposition,"Many people prepared this problem, so they bring a portable toilet.","Many people are prepared for this problem, so they bring a portable toilet.",'Prepare' needs the preposition 'for' before the thing you are getting ready against: 'be prepared for something'. 'prepared this problem' is missing 'for'.,You should be prepared for emergencies. | We prepared for the exam all week.,Talking about people getting ready for traffic jams.,new,0,,rec1 line 263-267
2026-05-29-007,2026-05-29,vocabulary,word-choice,"We couldn't find any parking lot, so we went away.","We couldn't find any parking lot, so we drove away.","When you leave by car, 'drive away' is more precise and natural than the general 'go away'.",He got angry and drove away. | We drove off without saying goodbye.,Making a sentence with 'parking lot'.,new,0,,rec2 (19:56) line 351-353
2026-05-29-008,2026-05-29,grammar,relative-clause,"The dining table that I bought, I put on the network, was pretty expensive.",The dining table that I bought online was very expensive.,"Keep the relative clause together: 'the dining table (that) I bought online'. Don't split the subject with an extra clause, and 'buy online' is the natural phrase, not 'put on the network'.",The shoes I bought online were too small. | The car that he sold last week was very old.,Making a sentence with 'dining table'.,new,0,,rec2 line 359-363
2026-05-29-009,2026-05-29,grammar,articles,"If you don't have an apartment in this area, you can't send your children to the high school.","If you don't have an apartment in this area, you can't send your children to high school.","Institutions used for their normal purpose take no article: 'go to / send to school, high school, university, hospital'. 'the high school' would mean one specific building.",My son goes to high school. | She wants to go to university next year.,Making a sentence with 'high school'.,new,0,,rec2 line 371-379
2026-05-29-010,2026-05-29,naturalness,conciseness,We can sit around the coffee table to have a rest.,We can sit around the coffee table to rest.,"'Rest' is also a verb, so 'to rest' is shorter and more natural than 'to have a rest'. Use the verb directly after 'to'.",Let's stop and rest for a while. | I need to rest after work.,Making a sentence with 'coffee table'.,new,0,,rec2 line 395-399
2026-05-29-011,2026-05-29,grammar,word-order,"Under the moonlight, it's too difficult find the way go home.","Under the moonlight, it's too difficult to find our way back home.",'too + adjective' is followed by 'to + verb': 'too difficult to find'. Also use the set phrase 'find our way back home' with the possessive 'our'.,It was too dark to see anything. | We finally found our way back home.,Making a sentence with 'moonlight'.,new,0,,rec2 line 425-435
2026-05-29-012,2026-05-29,grammar,articles,We need to build a building to prevent earthquake and storm.,We need to build a building with a stronger structure to prevent an earthquake or a storm from destroying the infrastructure.,"Singular countable nouns need an article: 'an earthquake', 'a storm'. Also use 'prevent something from doing something' to say what the damage would be.",A vaccine prevents people from getting sick. | We must protect houses from being damaged by a storm.,Making a sentence with 'earthquake'.,new,0,,rec2 line 457-479
2026-05-29-013,2026-05-29,grammar,pronoun,People like to eat sweet food because we find it a good way to help us improve well being.,People like to eat sweet food because they find it a good way to improve their well-being.,"Keep pronouns consistent and in the third person: the subject is 'people ... they', so the possessive is 'their well-being'. Don't mix in 'we / us / our', and don't drop the possessive ('well-being' alone).",Exercise improves our well-being. | People should take care of their own health.,Making a sentence with 'well-being'.,new,0,,rec2 line 529-549
2026-05-29-014,2026-05-29,grammar,tense,"It's a sunny day today, so the weather was pretty good.","It's a sunny day today, so the weather is pretty good.","Use the present tense for a situation that is true now. Since it is sunny today, say 'the weather is pretty good', not 'was'.","It's raining now, so the roads are wet. | Today is hot, so the weather is uncomfortable.",Answering what the weather is like today.,new,0,,rec3 (20:55) line 5-9
2026-05-29-015,2026-05-29,grammar,plural,There are fewer and fewer people becoming a bus driver.,There are fewer and fewer people who become bus drivers.,"When the subject ('people') is plural, the job noun must be plural too: 'become bus drivers'. With 'fewer and fewer people', a relative clause 'who become...' reads more naturally.",Fewer young people want to become teachers. | Many of them became doctors.,Making a sentence with 'bus driver'.,new,0,,rec3 line 367-393
2026-05-29-016,2026-05-29,vocabulary,word-choice,We have many automatic cars to instead them.,We can use automatic cars to replace them.,"'Instead' is an adverb, not a verb, so 'to instead them' is wrong. The verb you want is 'replace' (replace someone/something). The phrase form is 'instead of'.",Machines are replacing workers. | We used tea instead of coffee.,Making a sentence with 'bus driver'.,new,0,,rec3 line 367-381
2026-05-29-017,2026-05-29,grammar,agreement,A newspaper reporter need to face many serious problems.,Newspaper reporters need to face a lot of problems.,"A singular subject 'a reporter' takes 'needs', not 'need'. For people in general the plural is more natural: 'reporters need'.",Teachers need a lot of patience. | A teacher needs a lot of patience.,Making a sentence with 'newspaper reporter'.,new,0,,rec3 line 447-449
2026-05-29-018,2026-05-29,grammar,tense,More and more people gave up their career.,More and more people give up their careers.,"For a general, ongoing trend use the present simple 'give up', not the past 'gave up'. Also each person has a career, so use the plural 'careers'.",More and more people work from home these days. | Many young people give up their jobs to travel.,Making a sentence with 'newspaper reporter'.,new,0,,rec3 line 455-459
2026-05-29-019,2026-05-29,grammar,tense,The man we met yesterday is a choir director.,The man we met yesterday was a choir director.,"Because the time marker is 'yesterday', the main verb must be past: 'was a choir director'. Keep tenses consistent with the time you mention.",The woman I met yesterday was very kind. | The film we watched last night was boring.,Making a sentence with 'choir director'.,new,0,,rec3 line 471-479
2026-05-29-020,2026-05-29,naturalness,register,"The choir director gave us a great performance, so we need to thanks for it.","The choir director gave us a great performance, so we should be grateful for it.",'Thanks' is informal and is not used as a verb this way. In a more formal sentence use 'be grateful for' or 'thank + someone'. '(be) appreciate' is also wrong — 'appreciate' takes a direct object: 'we appreciate it'.,We are grateful for your help. | I really appreciate your support.,Making a sentence with 'choir director'.,new,0,,rec3 line 495-507
2026-05-29-021,2026-05-29,grammar,agreement,One of my friends is the orchestra conductor. He always join our meeting and give us interesting music.,One of my friends is an orchestra conductor. He always joins our meetings and gives us interesting performances.,"Third-person singular 'he' needs '-s': 'joins', 'gives'. Use 'an orchestra conductor' (one of several, not 'the'), and a conductor gives a 'performance', not 'music'.",He always helps his classmates. | She gives us a lot of homework.,Making a sentence with 'orchestra conductor'.,new,0,,rec3 line 551-557
2026-05-30-001,2026-05-30,grammar,tense,"Today I had time to rest, so that's make me happy.","Today I had time to rest, so that made me happy.","Talking about a past event takes the past tense: 'made', not 'make'. Don't put 'be' before a bare verb ('that's make' is wrong); say 'that made me happy'.",The good news made me happy. | Seeing my family made me feel better.,Describing his day at the start of class.,new,0,,rec1 (16:56) line 11
2026-05-30-002,2026-05-30,grammar,preposition,I recited some English words and listened some English podcasts.,I recited some English words and listened to some English podcasts.,'Listen' needs the preposition 'to' before its object: 'listen to something'.,I listen to music every morning. | She listened to the teacher carefully.,Saying what he did to study English.,new,0,,rec1 line 19
2026-05-30-003,2026-05-30,grammar,plural,I rarely eat heavy meal before sleep.,I rarely eat heavy meals before bed.,"'Meal' is countable, so use the plural 'meals' when speaking generally. Also use the set phrase 'before bed' (or 'before I sleep'), not 'before sleep'.",I never eat heavy meals before bed. | Don't drink coffee before bed.,Talking about eating habits and nightmares.,new,0,,rec1 line 257
2026-05-30-004,2026-05-30,grammar,preposition,I never dreamed about a ghost.,I never dreamed of a ghost.,"When 'dream' means seeing something while asleep, use 'dream of': 'dream of a ghost'. ('dream about' is possible too, but the teacher wanted 'of' here.)",I dreamed of flying last night. | She often dreams of her childhood home.,Talking about whether he has nightmares.,new,0,,rec1 line 285
2026-05-30-005,2026-05-30,collocation,word-choice,You won't have enough energy to fix your daily work.,You won't have enough energy to do your daily chores.,"We 'do' chores/work, not 'fix' them ('fix' means repair). For everyday tasks the natural noun is 'chores'.",I have to do my chores after dinner. | He does the housework on weekends.,Explaining the effects of nightmares.,new,0,,rec1 line 453
2026-05-30-006,2026-05-30,collocation,word-choice,"If you can't sleep well, you will have some mental problems.","If you can't sleep well, you will suffer from mental problems.","For illnesses and conditions the natural verb is 'suffer from': 'suffer from mental problems', rather than 'have some mental problems'.",He suffers from anxiety. | Many old people suffer from memory loss.,Explaining the effects of nightmares.,new,0,,rec1 line 475
2026-05-30-007,2026-05-30,grammar,word-choice,Your company will be disappoint.,Your company will be disappointed.,"To describe how someone feels, use the -ed participle as an adjective: 'be disappointed'. 'disappoint' is the base verb and can't follow 'be' like this.",The manager was disappointed with the results. | I'm disappointed in myself.,Explaining the effects of poor performance at work.,new,0,,rec1 line 463
2026-05-30-008,2026-05-30,grammar,word-choice,"We are a retail company, so we more focus on to sell good to customer.","We are a retail company, so we are more focused on selling goods to customers.","Use 'be focused on + -ing': 'we are focused on selling'. After the preposition 'on' use the gerund (selling), not 'to sell'. Also 'goods' and 'customers' should be plural.",We are focused on improving quality. | The store sells goods to customers all over the country.,Describing what his company does.,new,0,,rec2 (17:56) line 139
2026-05-30-009,2026-05-30,grammar,tense,"Twenty years ago, most people didn't get an education, so they believe in this kind of thing.","Twenty years ago, most people didn't get an education, so they believed in this kind of thing.","The sentence is about the past ('twenty years ago'), so the verb must be past too: 'believed', to match the rest of the sentence.","Long ago, people believed the earth was flat. | As a child, I believed in Santa Claus.",Talking about old beliefs in qigong and witch doctors.,new,0,,rec2 line 241
2026-05-30-010,2026-05-30,grammar,tense,I'm not watched this movie more than ten times.,I've watched this movie more than ten times.,"To say how many times you've done something up to now, use the present perfect 'have/has + past participle': 'I've watched'. 'I'm not watched' mixes up the structures and also reverses the meaning.",I've seen that film several times. | She's read this book twice.,Talking about the movie The Forbidden Kingdom.,new,0,,rec2 line 331
2026-05-30-011,2026-05-30,grammar,agreement,"Mr. Wright, whom we met yesterday, is a gracious person. He always help us finish our tasks.","Mr. Wright, whom we met yesterday, is a gracious person. He always helps us finish our tasks.",Third-person singular 'he' needs '-s' in the present simple: 'he helps'.,She always helps her classmates. | He works very hard.,Making a sentence with the word 'gracious'.,new,0,,rec3 (18:56) line 259
2026-05-30-012,2026-05-30,grammar,preposition,He is gracious; he didn't ask money and did everything for free.,He is gracious; he didn't ask for money and did everything for free.,Use 'ask for' when requesting something: 'ask for money'. The full pattern is 'ask + someone + for + something' (ask us for money). 'ask money' is missing 'for'.,He asked for help. | The man asked us for directions.,Making a sentence with the word 'gracious'.,new,0,,rec3 line 263
2026-05-30-013,2026-05-30,grammar,word-choice,"He did those things for free, so I appreciate for him.","He did those things for free, so I appreciated him.",'Appreciate' is transitive and takes a direct object with no preposition: 'I appreciate it / I appreciated him'. Use the past 'appreciated' to match 'did'.,I really appreciate your help. | We appreciated everything she did.,Making a sentence with the word 'gracious'.,new,0,,rec3 line 267
2026-05-30-014,2026-05-30,grammar,tense,"He asked us for money, but we weren't familiar with him, so we run away.","He asked us for money, but we weren't familiar with him, so we ran away.","This is a past-tense story, so use the irregular past 'ran', not 'run'.",The thief ran away when he saw the police. | We ran to catch the bus.,Making a sentence with the word 'bewildering'.,new,0,,rec3 line 311
2026-05-30-015,2026-05-30,grammar,articles,It's just like learning language.,It's just like learning a language.,"'Language' here is a countable noun, so it needs the article 'a': 'learning a language'.",Learning a language takes time. | Playing an instrument is a useful skill.,Comparing making mistakes at work to learning a language.,new,0,,rec3 line 437
2026-05-30-016,2026-05-30,grammar,word-choice,My friends always forget bring their kids to go out.,My friends always forget to bring their kids outside.,"'Forget' is followed by the infinitive 'to + verb' when you mean you failed to do something: 'forget to bring'. Also use 'outside', not 'to go out', after 'bring their kids'.",I always forget to lock the door. | She took her kids outside to play.,Talking about things people commonly forget.,new,0,,rec3 line 395
2026-05-30-017,2026-05-30,grammar,agreement,Eating a lot of fish improve memory.,Eating a lot of fish improves memory.,"The subject is the gerund phrase 'eating a lot of fish', which is singular, so the verb takes '-s': 'improves'.",Reading every day improves your vocabulary. | Exercise improves your health.,Talking about ways to improve memory.,new,0,,rec4 (19:56) line 35
2026-05-30-018,2026-05-30,grammar,phrasal-verb,"Finally, I gave up it.","Finally, I gave it up.","With separable phrasal verbs like 'give up', a pronoun object must go in the middle: 'give it up', not 'give up it'.",I gave it up last year. | Please turn it off.,Saying he stopped eating fish to improve memory.,new,0,,rec4 line 55
2026-05-30-019,2026-05-30,grammar,plural,"In our traditional culture, there are many error in it.",There are so many errors in our traditional culture.,"'Error' is countable, so use the plural 'errors' after 'many'. Also drop the extra 'in it' — 'in our traditional culture' already says where.",There are many errors in this report. | She made a few mistakes.,Explaining why old food beliefs are unreliable.,new,0,,rec4 line 85
2026-05-30-020,2026-05-30,grammar,preposition,The professor's article is so obscure that they can't understand of it.,The professor's article is so obscure that they can't understand it.,"'Understand' is transitive — it takes a direct object with no preposition: 'understand it', not 'understand of it'.",I don't understand it. | Can you understand this sentence?,Making a sentence with the word 'obscure'.,new,0,,rec4 line 421
2026-05-30-021,2026-05-30,grammar,pronoun,"Many students think the professor's article is so obscure, so they don't want to select this project.","Many students think the professor's article is so obscure, so they don't want to read it.","Keep referring to the same thing: the object is 'the article', so use the pronoun 'it' in the second clause instead of switching to a new noun ('this project').","I bought a book, but I haven't read it yet. | She wrote a report and sent it to her boss.",Making a sentence with the word 'obscure'.,new,0,,rec4 line 459
2026-05-30-022,2026-05-30,grammar,comparative,"The work of a mechanic outweigh the tasks of an office worker, so his salary is higher than him.","The work of a mechanic outweighs the tasks of an office worker, so a mechanic's salary is higher than an office worker's.","Two points: the singular subject 'the work' needs 'outweighs'; and a comparison must be parallel — compare salary to salary, so 'a mechanic's salary is higher than an office worker's' (i.e. than an office worker's salary), not 'higher than him'.",His income outweighs his expenses. | Her salary is higher than the national average.,Making a sentence with the word 'outweigh'.,new,0,,rec5 (20:56) line 247
2026-05-30-023,2026-05-30,grammar,preposition,"They waited for me for a long time, so I apologized for them.","They waited for me for a long time, so I apologized to them.",You apologize TO a person (and FOR the thing you did): 'apologize to them'. 'apologize for them' would mean apologizing on their behalf.,I apologized to my boss for being late. | He should apologize to her.,Telling a story about forgetting to meet friends.,new,0,,rec5 line 347
2026-05-30-024,2026-05-30,collocation,word-choice,Having an accident is a serious matter to me because it will break my routine life.,Having an accident is a serious matter to me because it will break my daily routine.,"The natural noun phrase is 'daily routine', not 'routine life'. 'break/disrupt your daily routine' is the usual collocation.",Travelling disrupts my daily routine. | Try to keep to your daily routine.,Explaining what counts as a serious matter.,new,0,,rec5 line 411
2026-05-31-001,2026-05-31,grammar,agreement,Today I were very busy.,Today I was very busy.,"First-person singular 'I' takes 'was' in the past, not 'were'.",I was very busy yesterday. | I was tired after work.,Telling the teacher about his day (daughter had a fever).,new,0,,rec1 (16:56) line 1
2026-05-31-002,2026-05-31,grammar,preposition,"She was fine, so we went back to home.","She was fine, so we came back home.","'Home' as a destination takes no preposition: 'go/come home', not 'to home'. When returning to where you are, 'come back' is more natural than 'go back'.",I came home late last night. | Let's go home.,Saying they left the hospital after his daughter recovered.,new,0,,rec1 line 9
2026-05-31-003,2026-05-31,grammar,word-choice,"If you overspeed on this street, you will be find by the traffic policeman.","If you speed on this street, you will be fined by the traffic policeman.","In the passive, use the past participle 'fined' (the verb 'fine' = to charge a penalty), not 'find': 'be fined by someone'.",He was fined for parking illegally. | You will be fined if you litter.,Making a sentence with the word 'fine'.,new,0,,rec1 line 231
2026-05-31-004,2026-05-31,grammar,preposition,"They gave me the wrong goods, so we needed to come back to get refund for it.","They gave me the wrong goods, so we needed to come back to get a refund for it.","The natural phrasing is 'get a refund for it' (or 'a refund on it'). 'Refund' is countable, so use 'a refund', and the preposition is 'for/on', not 'of it'.",I asked for a refund of the ticket price. | Can I get a refund on this?,Making a sentence with the word 'refund'.,new,0,,rec1 line 263
2026-05-31-005,2026-05-31,grammar,preposition,Recently only my wife and my daughter went to there.,Recently only my wife and my daughter went there.,"'There' is already an adverb of place, so it takes no preposition: 'went there', not 'went to there'.",We went there last summer. | I'll go there tomorrow.,Talking about family vacations to Japan.,new,0,,rec1 line 549
2026-05-31-006,2026-05-31,grammar,agreement,It is because we more familiar with it.,It is because we are more familiar with it.,"Every clause needs a verb. With an adjective like 'familiar' you need the verb 'be': 'we are more familiar with it', not 'we more familiar'.",We are familiar with this area. | They are more familiar with the rules than I am.,Explaining why his family travels to Japan.,new,0,,rec1 line 565
2026-05-31-007,2026-05-31,vocabulary,word-choice,"If you feel boring or tired, you can't remember what you learned.","If you feel bored or tired, you can't remember what you learned.",(assistant note) Use the -ed adjective for how you feel: 'bored'. The '-ing' form ('boring') describes the thing that causes the feeling. 'You are bored' / 'the class is boring'.,I was bored during the meeting. | The movie was boring.,Agreeing that learning should be fun.,new,0,,rec2 (17:56) line 191
2026-05-31-008,2026-05-31,grammar,word-choice,"When I learning something, I want to make the process more interesting.","Whenever I learn something, I want to make the process more interesting.","Use the present simple 'I learn' after 'whenever/when' (not 'I learning'). 'Whenever' fits a repeated, habitual action.","Whenever I study, I turn off my phone. | When I cook, I listen to music.",Talking about how he memorizes things.,new,0,,rec2 line 195
2026-05-31-009,2026-05-31,grammar,word-order,"If you can't see your monitor clearly, you need to more focus.","If you can't see your monitor clearly, you need to focus more.","The adverb 'more' goes after the verb it modifies: 'focus more', not 'more focus'.",You should practice more. | I need to sleep more.,Discussing eye strain and monitor distance.,new,0,,rec2 line 321
2026-05-31-010,2026-05-31,grammar,tense,"Before 2021, every year they need to upgrade their smart glasses.","Before 2021, every year they needed to upgrade their smart glasses.","The time frame is past ('before 2021'), so use the past 'needed', not 'need'.","Back then, we needed to book tickets early. | Last year they needed more staff.",Talking about smart glasses upgrades.,new,0,,rec2 line 399
2026-05-31-011,2026-05-31,grammar,word-choice,"In my country, there are many social media that went bankrupt.","In my country, there are many social media companies that went bankrupt.","It's the companies, not 'social media' itself, that go bankrupt. Add the head noun: 'social media companies / platforms'.",Several tech companies went bankrupt that year. | Many startups fail in their first year.,Talking about social media companies like Tianya going bankrupt.,new,0,,rec3 (18:56) line 81
2026-05-31-012,2026-05-31,grammar,word-choice,A millionaire is someone who has a million money.,A millionaire is someone who makes millions / has a million dollars.,"'Money' is uncountable, so 'a million money' is wrong. Use a unit ('a million dollars') or 'makes millions'.",She makes millions every year. | He has a million dollars in the bank.,Defining what a millionaire is.,new,0,,rec3 line 275
2026-05-31-013,2026-05-31,grammar,word-choice,"For my grandfather, he was dead because they were poor.",My grandfather died because his family was poor.,Two points: use the verb 'died' for the event of dying ('was dead' describes the state afterwards and sounds wrong here); and don't follow the singular 'my grandfather' with an unclear 'they' — say 'his family was poor' (or 'he was poor').,My grandfather died last year. | He died at the age of 80.,Talking about relatives who couldn't afford treatment.,new,0,,rec3 line 485
2026-05-31-014,2026-05-31,grammar,word-choice,She had to stayed at bed every day.,She had to stay in bed every day.,After 'had to' use the base verb 'stay' (not 'stayed'). Also the set phrase is 'stay in bed' when resting or sick.,I had to stay home yesterday. | He stayed in bed all weekend because he was sick.,Talking about a sick relative who couldn't afford treatment.,new,0,,rec3 line 497
2026-05-31-015,2026-05-31,collocation,word-choice,"If you want to get education, you need to spend a lot of money to buy it.","If you want to get an education, you need to pay a lot of tuition fees.","Say 'get an education' (with 'an'), and you 'pay tuition fees' rather than 'buy' education.",She wants to get a good education. | We have to pay the tuition fees by September.,Explaining why people want money (for education).,new,0,,rec4 (19:56) line 13
2026-05-31-016,2026-05-31,grammar,adverb,"If you are not at the top level, you can't easy find a suitable job.","If you are not at the top level, you can't easily find a suitable job.","Use the adverb 'easily' to modify the verb 'find', not the adjective 'easy'.",You can easily find it online. | She easily passed the exam.,Talking about the job market for graduates.,new,0,,rec4 line 105
2026-05-31-017,2026-05-31,grammar,word-order,It's too difficult find a suitable job in my country.,It's too difficult to find a suitable job in my country.,(assistant note) 'too + adjective' is followed by 'to + verb': 'too difficult to find'. You drop this 'to' often.,It's too hard to explain. | The box was too heavy to lift.,Talking about the difficulty of finding a job.,new,0,,rec4 line 101
2026-05-31-018,2026-05-31,grammar,word-choice,"You are the owner of the company, so you need to consider for your employees.","You are the owner of the company, so you need to consider your employees.","'Consider' is transitive and takes a direct object with no preposition: 'consider your employees', not 'consider for'.",A good boss considers his staff. | You should consider other people's feelings.,Talking about a business owner's responsibility.,new,0,,rec5 (20:56) line 239
2026-05-31-019,2026-05-31,grammar,agreement,"If your company go bankrupt, all of your employees will lose their jobs.","If your company goes bankrupt, all of your employees will lose their jobs.",The singular subject 'your company' takes 'goes' in the present: 'the company goes bankrupt'.,"If the deal falls through, the firm goes under. | If he comes late, we start without him.",Talking about employees losing jobs if a company fails.,new,0,,rec5 line 247
2026-05-31-020,2026-05-31,grammar,word-choice,The government can give them basic necessary even though they go bankrupt.,The government can give them basic necessities even if they go bankrupt.,"Use the noun 'necessities' (the things you need), not the adjective 'necessary'. Use 'even if' for a hypothetical situation, not 'even though' (which states a fact).",The shelter provides basic necessities. | I'll support you even if you fail.,Comparing how the US government supports people.,new,0,,rec5 line 415
